{"cameraMode":{"drawMode":0,"name":"Shaded","section":"Shading Mode"},"sceneLighting":false,"audioPlay":false,"sceneViewState":{"m_AlwaysRefresh":false,"showFog":false,"showSkybox":false,"showFlares":false,"showImageEffects":false,"showParticleSystems":false,"showVisualEffectGraphs":true,"m_FxEnabled":true},"in2DMode":false,"pivot":{"x":1.4579048156738282,"y":1.290175199508667,"z":0.5670578479766846},"rotation":{"x":0.050788991153240207,"y":0.8536777496337891,"z":-0.08479253202676773,"w":0.5113657712936401},"size":2.3895151615142824,"orthographic":false}