{"cameraMode":{"drawMode":0,"name":"Shaded","section":"Shading Mode"},"sceneLighting":true,"audioPlay":false,"sceneViewState":{"m_AlwaysRefresh":false,"showFog":true,"showSkybox":true,"showFlares":true,"showImageEffects":true,"showParticleSystems":true,"showVisualEffectGraphs":true,"m_FxEnabled":true},"in2DMode":false,"pivot":{"x":-27.045818328857423,"y":4.506046295166016,"z":-17.050174713134767},"rotation":{"x":-0.08910182863473892,"y":0.8944972157478333,"z":-0.20614154636859895,"w":-0.38664060831069949},"size":10.273192405700684,"orthographic":false}