{"cameraMode":{"drawMode":0,"name":"Shaded","section":"Shading Mode"},"sceneLighting":false,"audioPlay":false,"sceneViewState":{"m_AlwaysRefresh":false,"showFog":true,"showSkybox":false,"showFlares":true,"showImageEffects":true,"showParticleSystems":true,"showVisualEffectGraphs":true,"m_FxEnabled":true},"in2DMode":false,"pivot":{"x":0.2059926986694336,"y":2.3972392082214357,"z":-0.9271361827850342},"rotation":{"x":0.08186104148626328,"y":-0.8815478682518005,"z":0.16617029905319215,"w":0.43434345722198489},"size":2.3234822750091554,"orthographic":false}